[
  {
    "id": 1769429554208,
    "fromUser": "Imrane",
    "targetUser": "Stealabrainrot",
    "type": "like",
    "postId": 1769429413259,
    "text": null,
    "date": "2026-01-26T12:12:34.208Z",
    "read": false
  },
  {
    "id": 1769429560158,
    "fromUser": "Imrane",
    "targetUser": "Stealabrainrot",
    "type": "comment",
    "postId": 1769429413259,
    "text": "Cool",
    "date": "2026-01-26T12:12:40.158Z",
    "read": false
  },
  {
    "id": 1769430011099,
    "fromUser": "lavaca",
    "targetUser": "Stealabrainrot",
    "type": "tag",
    "postId": 1769430011097,
    "text": "vous a identifié dans une publication.",
    "date": "2026-01-26T12:20:11.099Z",
    "read": false
  }
]